Date_Time,First_Name,Help_Request
2/14/23 10:15,Adam,A
2/14/23 10:15,Betty,B
2/14/23 10:15,Connie,C
2/14/23 10:15,Dave,D
2/14/23 10:15,Elliot,E
2/14/23 10:20,Frank,A
2/14/23 10:20,George,B
2/14/23 10:20,Hannah,C
2/14/23 10:20,Ines,D
2/14/23 10:20,Javier,E
2/14/23 10:25,Karlee,A
2/14/23 10:25,Linda,B
2/14/23 10:25,Monte,C
2/14/23 10:25,Naomi,D
2/14/23 10:25,Oliver,E
2/14/23 10:30,Peter,A
2/14/23 10:30,Quentin,B
2/14/23 10:30,Randy,C
2/14/23 10:30,Sylvia,D
2/14/23 10:30,Tomas,E
2/14/23 10:35,Ursula,A
2/14/23 10:35,Victor,B
2/14/23 10:35,Walter,C
2/14/23 10:35,Xavier,D
2/14/23 10:35,Yolanda,E
2/14/23 10:40,Zeke,A
2/14/23 10:40,Alycia,B
2/14/23 10:40,Bart,C
2/14/23 10:40,Courtney,D
2/14/23 10:40,Dexter,E
2/14/23 10:45,Erin,A
2/14/23 10:45,Felicia,B
2/14/23 10:45,Grant,C
2/14/23 10:45,Hector,D
2/14/23 10:45,Jenny,E
2/14/23 10:50,Kenton,A
2/14/23 10:50,Louis,B
2/14/23 10:50,Mary,C
2/14/23 10:50,Nick,D
2/14/23 10:50,Phyllis,E
2/14/23 10:55,Richard,A
2/14/23 10:55,Stan,B
2/14/23 10:55,Talia,C
2/14/23 10:55,Vance,D
2/14/23 10:55,Wendy,E
2/14/23 11:00,Alex,A
2/14/23 11:00,Bobbie,B
2/14/23 11:00,Christy,C
2/14/23 11:00,Daisy,D
2/14/23 11:00,Florence,E
2/14/23 11:05,Gloria,A
2/14/23 11:05,Haven,B
2/14/23 11:05,Joy,C
2/14/23 11:05,Kristina,D
2/14/23 11:05,Larry,E
2/14/23 11:10,Meredith,A
2/14/23 11:10,Nancy,B
2/14/23 11:10,Paula,C
2/14/23 11:10,Rainbow,D
2/14/23 11:10,Sonia,E
2/14/23 11:15,Trey,A
2/14/23 11:15,Wanda,B
2/14/23 11:15,April,C
2/14/23 11:15,Billy,D
2/14/23 11:15,Cara,E
2/14/23 11:20,Dante,A
2/14/23 11:20,Emerson,B
2/14/23 11:20,Ferris,C
2/14/23 11:20,Grayson,D
2/14/23 11:20,Henry,E
2/14/23 11:25,Jilly,A
2/14/23 11:25,Kendra,B
2/14/23 11:25,Lily,C
2/14/23 11:25,Matthew,D
2/14/23 11:25,Peyton,E
2/14/23 11:30,Rachel,A
2/14/23 11:30,Scott,B
2/14/23 11:30,Tammy,C
2/14/23 11:30,Valerie,D
2/14/23 11:30,Whitney,E
2/14/23 11:35,Abbie,A
2/14/23 11:35,Barrett,B
2/14/23 11:35,Carson,C
2/14/23 11:35,Dolly,D
2/14/23 11:35,Eddie,E
2/14/23 11:40,Faith,A
2/14/23 11:40,Gage,B
2/14/23 11:40,Hazel,C
2/14/23 11:40,Jackie,D
2/14/23 11:40,Kegan,E
2/14/23 11:45,Lacey,A
2/14/23 11:45,Maddison,B
2/14/23 11:45,Nate,C
2/14/23 11:45,Oscar,D
2/14/23 11:45,Paige,E
2/14/23 11:50,Quinn,A
2/14/23 11:50,Rebecca,B
2/14/23 11:50,Sabrina,C
2/14/23 11:50,Ted,D
2/14/23 11:50,Vince,E
2/14/23 11:55,Wilson,A
2/14/23 11:55,Aaron,B
2/14/23 11:55,Bailey,C
2/14/23 11:55,Caleb,D
2/14/23 11:55,Darcy,E
2/14/23 12:00,Eleanor,A
2/14/23 12:00,Ford,B
2/14/23 12:00,Gina,C
2/14/23 12:00,Harley,D
2/14/23 12:00,Jake,E
2/14/23 12:05,Katie,A
2/14/23 12:05,Lee,B
2/14/23 12:05,Maggie,C
2/14/23 12:05,Neal,D
2/14/23 12:05,Pearl,E
2/14/23 12:10,Reagan,A
2/14/23 12:10,Shane,B
2/14/23 12:10,Tess,C
2/14/23 12:10,Walker,D
2/14/23 12:10,Austin,E
2/14/23 12:15,Blaire,A
2/14/23 12:15,Dana,B
2/14/23 12:15,Jade,C
2/14/23 12:15,Megan,D
2/14/23 12:15,Ralph,E
